{
    "code": 200,
    "msg": "请求成功",
    "result": {
        "brand_data": false,
        "catalog_data": false,
        "is_recommended": "0",
        "page_data": [
            {
                "brand_id": "72",
                "brief": "",
                "channel_id": "3",
                "cover_price": "25.00",
                "figure": "/1464419271883.jpg",
                "name": "【艾漫】全职高手 星座亚克力挂件",
                "origin_price": "25.00",
                "p_catalog_id": "26",
                "product_id": "6698",
                "sell_time_end": "1464969600",
                "sell_time_start": "1464364800",
                "supplier_code": "300011",
                "supplier_type": "1"
            },
            {
                "brand_id": "72",
                "brief": "预计2016年10月发货",
                "channel_id": "3",
                "cover_price": "12.00",
                "figure": "/1470711927785.jpg",
                "name": "【预售】【艾漫】全职高手-七夕心形徽章徽章",
                "origin_price": "12.00",
                "p_catalog_id": "90",
                "product_id": "8629",
                "sell_time_end": "1471276800",
                "sell_time_start": "1470672000",
                "supplier_code": "300011",
                "supplier_type": "1"
            },
            {
                "brand_id": "5",
                "brief": "3款可供选择，小仓送镊子、胶水等工具哦~",
                "channel_id": "3",
                "cover_price": "36.00",
                "figure": "/1455775424896.jpg",
                "name": "【智趣屋】DIY小屋盒子剧场 手工拼装房子 模型玩具创意礼品 送工具",
                "origin_price": "36.00",
                "p_catalog_id": "30",
                "product_id": "4640",
                "sell_time_end": "1456329600",
                "sell_time_start": "1455724800",
                "supplier_code": "0",
                "supplier_type": "1"
            },
            {
                "brand_id": "72",
                "brief": "到货啦~",
                "channel_id": "3",
                "cover_price": "30.00",
                "figure": "/1469184599346.jpg",
                "name": "【艾漫】全职高手-夏日水手服徽章套",
                "origin_price": "30.00",
                "p_catalog_id": "71",
                "product_id": "8312",
                "sell_time_end": "1469721600",
                "sell_time_start": "1469116800",
                "supplier_code": "300011",
                "supplier_type": "1"
            },
            {
                "brand_id": "5",
                "brief": "此商品只作为补差价或邮费专用，小伙伴们不要乱拍呀~差几元拍几个~  o(*≧▽≦)ツ",
                "channel_id": "3",
                "cover_price": "1.00",
                "figure": "/1452742997932.jpg",
                "name": "邮费补拍专用万能拍【请不要乱拍哦~】",
                "origin_price": "1.00",
                "p_catalog_id": "100",
                "product_id": "4063",
                "sell_time_end": "1453305600",
                "sell_time_start": "1452700800",
                "supplier_code": "3300001",
                "supplier_type": "2"
            },
            {
                "brand_id": "72",
                "brief": "钥匙扣已开始陆续发货的说~
不含底板~底板背板组合玩法可戳关联商品。",
                "channel_id": "3",
                "cover_price": "18.00",
                "figure": "/1466157188535.jpg",
                "name": "【官方正版】 全职高手 国家队系列挂件 Q版 亚克力 挂件--叶修",
                "origin_price": "18.00",
                "p_catalog_id": "26",
                "product_id": "7238",
                "sell_time_end": "1466697600",
                "sell_time_start": "1466092800",
                "supplier_code": "0",
                "supplier_type": "1"
            },
            {
                "brand_id": "72",
                "brief": "钥匙扣已开始陆续发货的说~
不含底板~底板背板组合玩法可戳关联商品。",
                "channel_id": "3",
                "cover_price": "18.00",
                "figure": "/1466159282724.jpg",
                "name": "【官方正版】 全职高手 新春系列挂件 Q版 亚克力 挂件--叶修",
                "origin_price": "18.00",
                "p_catalog_id": "26",
                "product_id": "7263",
                "sell_time_end": "1466697600",
                "sell_time_start": "1466092800",
                "supplier_code": "0",
                "supplier_type": "1"
            },
            {
                "brand_id": "72",
                "brief": "第二批出货日至8月17日左右~出货后将按订单顺序安排发货噢~~随书赠独家首发王杰希个人签名板+精美大海报tj",
                "channel_id": "3",
                "cover_price": "32.00",
                "figure": "/1469772518639.jpg",
                "name": "【官方正版】 全职高手2《副本制霸》 随书赠独家首发王杰希个人签名板+精美大海报",
                "origin_price": "38.00",
                "p_catalog_id": "24",
                "product_id": "8509",
                "sell_time_end": "1470326400",
                "sell_time_start": "1469721600",
                "supplier_code": "0",
                "supplier_type": "1"
            },
            {
                "brand_id": "234",
                "brief": "",
                "channel_id": "3",
                "cover_price": "17.50",
                "figure": "/1453172839680.jpg",
                "name": "【古怪舍】萌萌黑白猫咪陶瓷马克杯",
                "origin_price": "17.50",
                "p_catalog_id": "28",
                "product_id": "4152",
                "sell_time_end": "1453737600",
                "sell_time_start": "1453132800",
                "supplier_code": "2101001",
                "supplier_type": "2"
            },
            {
                "brand_id": "77",
                "brief": "",
                "channel_id": "3",
                "cover_price": "18.00",
                "figure": "/1459325961533.jpg",
                "name": " 【喵鹿酱】动物咖啡杯碟 猫咪水杯子 猫爪碟子牛奶杯",
                "origin_price": "23.00",
                "p_catalog_id": "28",
                "product_id": "5704",
                "sell_time_end": "1459872000",
                "sell_time_start": "1459267200",
                "supplier_code": "1101035",
                "supplier_type": "1"
            },
            {
                "brand_id": "258",
                "brief": "",
                "channel_id": "3",
                "cover_price": "168.00",
                "figure": "/1476170715116.jpg",
                "name": "【宅漫周边店】柴犬doge周边 可爱萌 牛角扣学院风呢子大衣 动漫外套",
                "origin_price": "168.00",
                "p_catalog_id": "65",
                "product_id": "2855",
                "sell_time_end": "1448380800",
                "sell_time_start": "1447776000",
                "supplier_code": "2105003",
                "supplier_type": "2"
            },
            {
                "brand_id": "234",
                "brief": "",
                "channel_id": "3",
                "cover_price": "27.50",
                "figure": "/1448941498675.jpg",
                "name": "【古怪舍】和风樱花动物-猫/兔/鹿 创意玻璃水杯子茶杯 C31",
                "origin_price": "28.50",
                "p_catalog_id": "28",
                "product_id": "3120",
                "sell_time_end": "1449504000",
                "sell_time_start": "1448899200",
                "supplier_code": "2101001",
                "supplier_type": "2"
            },
            {
                "brand_id": "364",
                "brief": " 7CM，（限汉字3字以内，英文6个字母以内）；
10CM，（限汉字3字以内，英文6个字母以内）；
15CM，（限汉字10字以内，英文20个字母以内）。
发货时间为设计师定稿后5-7天内发货。
",
                "channel_id": "3",
                "cover_price": "139.00",
                "figure": "/1461228273193.jpg",
                "name": "【匠心诚品】 揽月3D打印立体月亮灯 创意月球灯 充电夜灯Luna 定制版",
                "origin_price": "510.00",
                "p_catalog_id": "90",
                "product_id": "6052",
                "sell_time_end": "1461772800",
                "sell_time_start": "1461168000",
                "supplier_code": "100013",
                "supplier_type": "2"
            },
            {
                "brand_id": "291",
                "brief": "★★专为喜欢萌文化的小伙伴创作的周边产物★★卷起来是迷你公仔摆饰，展开就是实用小毛毯★★优选法兰绒面料使产品在使用过程中更加安全舒适★★又萌又好玩还在等什么，抓紧抱回家呢！
",
                "channel_id": "3",
                "cover_price": "37.24",
                "figure": "/1452570260015.jpg",
                "name": "【长草颜文字】 炒鸡萌萌哒毛毯",
                "origin_price": "49.00",
                "p_catalog_id": "81",
                "product_id": "3967",
                "sell_time_end": "1453132800",
                "sell_time_start": "1452528000",
                "supplier_code": "1001001",
                "supplier_type": "1"
            },
            {
                "brand_id": "72",
                "brief": "由于销售火爆，预计2016国庆后发货",
                "channel_id": "3",
                "cover_price": "10.00",
                "figure": "/1470972860379.jpg",
                "name": "【艾漫】全职高手-PVC海报",
                "origin_price": "10.00",
                "p_catalog_id": "27",
                "product_id": "8684",
                "sell_time_end": "1471536000",
                "sell_time_start": "1470931200",
                "supplier_code": "300011",
                "supplier_type": "1"
            },
            {
                "brand_id": "72",
                "brief": "钥匙扣已开始陆续发货的说~
不含底板~底板背板组合玩法可戳关联商品。",
                "channel_id": "3",
                "cover_price": "18.00",
                "figure": "/1466159681694.jpg",
                "name": "【官方正版】 全职高手 新春系列挂件 Q版 亚克力 挂件--黄少天",
                "origin_price": "18.00",
                "p_catalog_id": "26",
                "product_id": "7268",
                "sell_time_end": "1466697600",
                "sell_time_start": "1466092800",
                "supplier_code": "0",
                "supplier_type": "1"
            },
            {
                "brand_id": "72",
                "brief": "钥匙扣已开始陆续发货的说~
不含底板~底板背板组合玩法可戳关联商品。",
                "channel_id": "3",
                "cover_price": "18.00",
                "figure": "/1466157626768.jpg",
                "name": "【官方正版】 全职高手 国家队系列挂件 Q版 亚克力 挂件--黄少天",
                "origin_price": "18.00",
                "p_catalog_id": "26",
                "product_id": "7241",
                "sell_time_end": "1466697600",
                "sell_time_start": "1466092800",
                "supplier_code": "0",
                "supplier_type": "1"
            },
            {
                "brand_id": "77",
                "brief": "",
                "channel_id": "3",
                "cover_price": "25.00",
                "figure": "/1442219020234.jpg",
                "name": "【喵鹿酱】毛绒公仔 喵星人 萌萌哒  饼干猫咪抱枕",
                "origin_price": "25.00",
                "p_catalog_id": "22",
                "product_id": "1365",
                "sell_time_end": "1442764800",
                "sell_time_start": "1442160000",
                "supplier_code": "1101035",
                "supplier_type": "1"
            },
            {
                "brand_id": "72",
                "brief": "钥匙扣已开始陆续发货的说~
不含底板~底板背板组合玩法可戳关联商品。",
                "channel_id": "3",
                "cover_price": "18.00",
                "figure": "/1466160018941.jpg",
                "name": "【官方正版】 全职高手 新春系列挂件 Q版 亚克力 挂件--周泽楷",
                "origin_price": "18.00",
                "p_catalog_id": "26",
                "product_id": "7272",
                "sell_time_end": "1466697600",
                "sell_time_start": "1466092800",
                "supplier_code": "0",
                "supplier_type": "1"
            },
            {
                "brand_id": "72",
                "brief": "",
                "channel_id": "3",
                "cover_price": "20.00",
                "figure": "/1462436113392.jpg",
                "name": "【艾漫】全职高手-海报组2",
                "origin_price": "20.00",
                "p_catalog_id": "27",
                "product_id": "6269",
                "sell_time_end": "1462982400",
                "sell_time_start": "1462377600",
                "supplier_code": "300011",
                "supplier_type": "1"
            }
        ]
    }
}