{
    "code": 200,
    "msg": "请求成功",
    "result": {
        "brand_data": false,
        "catalog_data": false,
        "is_recommended": "0",
        "page_data": [
            {
                "brand_id": "5",
                "brief": "现货~尚硅谷有售道具原材料哦~",
                "channel_id": "5",
                "cover_price": "65.00",
                "figure": "/1448622974578.jpg",
                "name": "【大公制作】COSPLAY道具制作专业教程 切割粘合上色贴皮养护方法技巧制作步骤详解 ",
                "origin_price": "65.00",
                "p_catalog_id": "20",
                "product_id": "3088",
                "sell_time_end": "1449158400",
                "sell_time_start": "1448553600",
                "supplier_code": "0",
                "supplier_type": "1"
            },
            {
                "brand_id": "5",
                "brief": "提示：现货，现货，现货噢~一包等于30片噢~~一包等于30片噢~~一包等于30片噢~~ 重要的事情我是会喊三遍的！么么(づ￣3￣)づ╭❤～",
                "channel_id": "5",
                "cover_price": "19.80",
                "figure": "/1467606608602.jpg",
                "name": "【SICS希丞品牌店】樱花布 卸妆神器 漫展必备 清水即可卸浓妆 日常妆 各种妆面",
                "origin_price": "19.80",
                "p_catalog_id": "98",
                "product_id": "7709",
                "sell_time_end": "1468166400",
                "sell_time_start": "1467561600",
                "supplier_code": "0",
                "supplier_type": "1"
            },
            {
                "brand_id": "5",
                "brief": "",
                "channel_id": "5",
                "cover_price": "19.00",
                "figure": "/1446607168578.jpg",
                "name": "【主宰者】透气隐形 束胸 裹胸 cos汉子必备",
                "origin_price": "38.00",
                "p_catalog_id": "18",
                "product_id": "2573",
                "sell_time_end": "1447171200",
                "sell_time_start": "1446566400",
                "supplier_code": "1607002",
                "supplier_type": "2"
            },
            {
                "brand_id": "436",
                "brief": "",
                "channel_id": "5",
                "cover_price": "94.50",
                "figure": "/supplier/1471315793182.jpg",
                "name": "现货【桂】苏葉 洛丽塔空气刘海 青灰色日常软妹lolita原宿假发",
                "origin_price": "109.00",
                "p_catalog_id": "19",
                "product_id": "8759",
                "sell_time_end": "0",
                "sell_time_start": "1478772000",
                "supplier_code": "1601009",
                "supplier_type": "2"
            },
            {
                "brand_id": "5",
                "brief": "皇冠可变形=&gt; 女皇/皇帝",
                "channel_id": "5",
                "cover_price": "35.00",
                "figure": "/1438844970464.jpg",
                "name": "【欧式小皇冠】 头饰 发夹  配送丝带 可拆卸变装",
                "origin_price": "35.00",
                "p_catalog_id": "71",
                "product_id": "594",
                "sell_time_end": "1439395200",
                "sell_time_start": "1438790400",
                "supplier_code": "1101001",
                "supplier_type": "1"
            },
            {
                "brand_id": "436",
                "brief": "精灵之舞之幻雾 空气刘海 长发及腰卷发 深灰色 长70cm",
                "channel_id": "5",
                "cover_price": "79.00",
                "figure": "/supplier/1469436115002.jpg",
                "name": "现货【桂】幻雾 洛丽塔空气刘海奶奶灰 及腰长卷发lolita日系假发",
                "origin_price": "99.00",
                "p_catalog_id": "19",
                "product_id": "8351",
                "sell_time_end": "0",
                "sell_time_start": "1478772000",
                "supplier_code": "1601009",
                "supplier_type": "2"
            },
            {
                "brand_id": "286",
                "brief": "3-5天发货 随机保税仓直发。可以试试哦，咬唇效果很好的。染色是樱花提取物，不小心吃。这个是咬唇妆哦，不会化的，或者觉得平时用的麻烦的亲们
可以试试哦，咬唇效果很好的。染色是樱花提取物可以食用，
染色相对更均匀， 而且使用后不会觉得干，很滋润，非常容
易上色，使用后颜色很好看，非常嫩~",
                "channel_id": "5",
                "cover_price": "39.00",
                "figure": "/1455766294751.jpg",
                "name": "【海鸟跨境】  泰国mistine双头咬唇唇彩",
                "origin_price": "88.00",
                "p_catalog_id": "21",
                "product_id": "4638",
                "sell_time_end": "1456329600",
                "sell_time_start": "1455724800",
                "supplier_code": "1111001",
                "supplier_type": "2"
            },
            {
                "brand_id": "436",
                "brief": "精灵之舞系列之绿林 渐变梨花头 收脸鬓角 发尾自然内扣 爱不释手~ 自留款~",
                "channel_id": "5",
                "cover_price": "69.00",
                "figure": "/supplier/1469436287434.jpg",
                "name": "现货【桂】绿林 梨花头内扣Lolita日常绿色渐变原宿 洛丽塔假发",
                "origin_price": "89.00",
                "p_catalog_id": "19",
                "product_id": "8352",
                "sell_time_end": "0",
                "sell_time_start": "1478772000",
                "supplier_code": "1601009",
                "supplier_type": "2"
            },
            {
                "brand_id": "280",
                "brief": "",
                "channel_id": "5",
                "cover_price": "98.00",
                "figure": "/1447051007554.jpg",
                "name": "【主宰者】空气刘海 日常 原宿风 黑色短发",
                "origin_price": "98.00",
                "p_catalog_id": "19",
                "product_id": "2656",
                "sell_time_end": "1447603200",
                "sell_time_start": "1446998400",
                "supplier_code": "1607002",
                "supplier_type": "2"
            },
            {
                "brand_id": "436",
                "brief": "精灵之舞 -迷雾 大头皮 中分流海 大卷及腰长发 深灰色 长70cm 洛丽塔假发",
                "channel_id": "5",
                "cover_price": "79.00",
                "figure": "/supplier/1469435884668.jpg",
                "name": "现货【桂】迷雾 洛丽塔假毛 深灰色中分长发大卷 原宿 lolita假发",
                "origin_price": "99.00",
                "p_catalog_id": "19",
                "product_id": "8350",
                "sell_time_end": "0",
                "sell_time_start": "1478772000",
                "supplier_code": "1601009",
                "supplier_type": "2"
            },
            {
                "brand_id": "8",
                "brief": "请注意长短袖区别！！！",
                "channel_id": "5",
                "cover_price": "181.30",
                "figure": "/1469180985479.jpg",
                "name": "现货【Uwowo】刀剑乱舞 同人cos水手服 刀剑cos jk制服",
                "origin_price": "259.00",
                "p_catalog_id": "18",
                "product_id": "8288",
                "sell_time_end": "1469721600",
                "sell_time_start": "1478772000",
                "supplier_code": "1606002",
                "supplier_type": "2"
            },
            {
                "brand_id": "363",
                "brief": "",
                "channel_id": "5",
                "cover_price": "39.00",
                "figure": "/supplier/1469417013606.jpg",
                "name": "现货【桂】从零开始的异世界生活 蕾姆cos 雷姆拉姆幼年假发",
                "origin_price": "47.00",
                "p_catalog_id": "19",
                "product_id": "8331",
                "sell_time_end": "0",
                "sell_time_start": "1478772000",
                "supplier_code": "1601009",
                "supplier_type": "2"
            },
            {
                "brand_id": "436",
                "brief": "茶会时间系列之和果子 上层波波短发 下层长卷发 一发两用 可随意变换造型 ~自然渐变的哦~",
                "channel_id": "5",
                "cover_price": "89.00",
                "figure": "/supplier/1469435496813.jpg",
                "name": "现货【桂】和果子 日常原宿洛丽塔 香芋紫混浅粉 软妹lolita假发",
                "origin_price": "102.00",
                "p_catalog_id": "19",
                "product_id": "8348",
                "sell_time_end": "0",
                "sell_time_start": "1478772000",
                "supplier_code": "1601009",
                "supplier_type": "2"
            },
            {
                "brand_id": "436",
                "brief": "茶会时间之朱古力 空气刘海 双重渐变 泡面卷及腰长发 长80cm 深棕色渐变酒红",
                "channel_id": "5",
                "cover_price": "89.00",
                "figure": "/supplier/1469439195790.jpg",
                "name": "现货【桂】朱古力洛丽塔假发大卷深棕色渐变酒红泡面卷lolita假发",
                "origin_price": "109.00",
                "p_catalog_id": "19",
                "product_id": "8360",
                "sell_time_end": "0",
                "sell_time_start": "1478772000",
                "supplier_code": "1601009",
                "supplier_type": "2"
            },
            {
                "brand_id": "8",
                "brief": "",
                "channel_id": "5",
                "cover_price": "49.00",
                "figure": "/supplier/1469434054047.jpg",
                "name": "现货【桂】刀剑乱舞 鹤丸国永 槙岛圣护 cosplay假发 灰白色造型",
                "origin_price": "56.00",
                "p_catalog_id": "19",
                "product_id": "8341",
                "sell_time_end": "0",
                "sell_time_start": "1478772000",
                "supplier_code": "1601009",
                "supplier_type": "2"
            },
            {
                "brand_id": "286",
                "brief": "Step1 单独使用
薄薄的涂上一层，瞬间滋润嘴唇让美唇不在干燥or黏腻，刚开始上去颜色比较浅，随着时间跟温度的变化，颜色会越来越粉，不化妆或者搭配淡淡的底妆都可以提升气色，很不错的选择。

Step2 用在口红或者唇蜜之前
小草莓是变色唇膏，润唇效果也非常好，当口红又觉得口红比较干的时候，可以用小草莓打底，那效果棒棒哒。",
                "channel_id": "5",
                "cover_price": "21.25",
                "figure": "/1463989227553.jpg",
                "name": "【海鸟跨境】 Mistine草莓变色唇膏",
                "origin_price": "25.00",
                "p_catalog_id": "21",
                "product_id": "6626",
                "sell_time_end": "1464537600",
                "sell_time_start": "1463932800",
                "supplier_code": "1111001",
                "supplier_type": "2"
            },
            {
                "brand_id": "436",
                "brief": "",
                "channel_id": "5",
                "cover_price": "69.00",
                "figure": "/supplier/1469439502897.jpg",
                "name": "现货【桂】空气刘海长卷发女大波浪卷 酒芯糖lolita洛丽塔假发",
                "origin_price": "98.00",
                "p_catalog_id": "19",
                "product_id": "8362",
                "sell_time_end": "0",
                "sell_time_start": "1478772000",
                "supplier_code": "1601009",
                "supplier_type": "2"
            },
            {
                "brand_id": "280",
                "brief": "",
                "channel_id": "5",
                "cover_price": "120.00",
                "figure": "/1447054807610.jpg",
                "name": "【主宰者】空气刘海 日常原宿 Lolita 混灰 长发 cos假发",
                "origin_price": "120.00",
                "p_catalog_id": "19",
                "product_id": "2659",
                "sell_time_end": "1447603200",
                "sell_time_start": "1446998400",
                "supplier_code": "1607002",
                "supplier_type": "2"
            },
            {
                "brand_id": "357",
                "brief": "",
                "channel_id": "5",
                "cover_price": "49.00",
                "figure": "/1478506900660.jpg",
                "name": "【漫趣】JK制服包日本学生包单肩斜跨包手提包",
                "origin_price": "0.00",
                "p_catalog_id": "82",
                "product_id": "10525",
                "sell_time_end": "1479052800",
                "sell_time_start": "1478506827",
                "supplier_code": "300013",
                "supplier_type": "2"
            },
            {
                "brand_id": "234",
                "brief": "",
                "channel_id": "5",
                "cover_price": "22.00",
                "figure": "/1469000758954.jpg",
                "name": "【古怪舍】 棒棒糖茶漏 双层透明吸管杯子 创意卡通便携塑料水杯 F99",
                "origin_price": "22.00",
                "p_catalog_id": "28",
                "product_id": "8148",
                "sell_time_end": "1469548800",
                "sell_time_start": "1468944000",
                "supplier_code": "2101001",
                "supplier_type": "2"
            }
        ]
    }
}