{
    "code": 200,
    "msg": "请求成功",
    "result": {
        "brand_data": false,
        "catalog_data": false,
        "is_recommended": "0",
        "page_data": [
            {
                "brand_id": "72",
                "brief": "",
                "channel_id": "10",
                "cover_price": "4.80",
                "figure": "/1465268743242.jpg",
                "name": "【艾漫】全职高手-蜜饯系列",
                "origin_price": "4.80",
                "p_catalog_id": "99",
                "product_id": "6869",
                "sell_time_end": "1465833600",
                "sell_time_start": "1465228800",
                "supplier_code": "300012",
                "supplier_type": "1"
            },
            {
                "brand_id": "386",
                "brief": "拍下后在2-3个工作日内发货














",
                "channel_id": "10",
                "cover_price": "15.50",
                "figure": "/1463561094599.png",
                "name": "【零食】 【麦大叔】热卖猪肉脯 正宗靖江肉脯批发 休闲食品 4味 ",
                "origin_price": "15.50",
                "p_catalog_id": "99",
                "product_id": "6558",
                "sell_time_end": "1464105600",
                "sell_time_start": "1463500800",
                "supplier_code": "100014",
                "supplier_type": "2"
            },
            {
                "brand_id": "286",
                "brief": "保税区发货有3-5天的审核时间",
                "channel_id": "10",
                "cover_price": "8.91",
                "figure": "/supplier/1475076492566.jpg",
                "name": "【海鸟跨境】 日本进口  暮制玫瑰花香糖 32g 食用散发玫瑰体香软糖",
                "origin_price": "9.90",
                "p_catalog_id": "99",
                "product_id": "7066",
                "sell_time_end": "1466524800",
                "sell_time_start": "1465920000",
                "supplier_code": "1111001",
                "supplier_type": "2"
            },
            {
                "brand_id": "5",
                "brief": "本店糖果制作供不应求，所以大家尝到的都是新鲜的糖果，下手要快哦！",
                "channel_id": "10",
                "cover_price": "19.80",
                "figure": "/1467711054083.jpg",
                "name": "【CandyLife】澳洲 创意星空 进口手工切片 棒棒糖果 ",
                "origin_price": "32.00",
                "p_catalog_id": "99",
                "product_id": "7780",
                "sell_time_end": "1468252800",
                "sell_time_start": "1467648000",
                "supplier_code": "2102001",
                "supplier_type": "2"
            },
            {
                "brand_id": "286",
                "brief": " 保税区发货有3-5天的审核时间",
                "channel_id": "10",
                "cover_price": "8.00",
                "figure": "/1466062787621.png",
                "name": "【海鸟跨境】日本进口 松尾抹茶味QQ年糕夹心糯米糍巧克力7个入",
                "origin_price": "10.00",
                "p_catalog_id": "99",
                "product_id": "7114",
                "sell_time_end": "1466611200",
                "sell_time_start": "1466006400",
                "supplier_code": "1111001",
                "supplier_type": "2"
            },
            {
                "brand_id": "386",
                "brief": "拍下后在2-3个工作日内发货














",
                "channel_id": "10",
                "cover_price": "16.80",
                "figure": "/1463563169103.png",
                "name": "【零食】 【麦大叔】零食 肉类食品 蜜汁xo酱烤 香肠 ",
                "origin_price": "16.80",
                "p_catalog_id": "99",
                "product_id": "6561",
                "sell_time_end": "1464105600",
                "sell_time_start": "1463500800",
                "supplier_code": "100014",
                "supplier_type": "2"
            },
            {
                "brand_id": "286",
                "brief": "保税区发货有3-5天的审核时间",
                "channel_id": "10",
                "cover_price": "16.00",
                "figure": "/1466066989915.jpg",
                "name": "【海鸟跨境】 日本进口 marutai 九州名面 拉面",
                "origin_price": "16.00",
                "p_catalog_id": "99",
                "product_id": "7127",
                "sell_time_end": "1466611200",
                "sell_time_start": "1466006400",
                "supplier_code": "1111001",
                "supplier_type": "2"
            },
            {
                "brand_id": "386",
                "brief": "拍下后在2-3个工作日内发货














",
                "channel_id": "10",
                "cover_price": "15.00",
                "figure": "/1463561619288.png",
                "name": "【零食】 【麦大叔】台湾xo酱烤肉粒 猪肉干",
                "origin_price": "15.00",
                "p_catalog_id": "99",
                "product_id": "6559",
                "sell_time_end": "1464105600",
                "sell_time_start": "1463500800",
                "supplier_code": "100014",
                "supplier_type": "2"
            },
            {
                "brand_id": "286",
                "brief": "乳酸菌是一种存在于人类体内的益生菌。乳酸菌能够将碳水化合物发酵成乳酸，因而得名。益生菌能够帮助消化，有助人体肠道的健康！ 那就是记忆中尘封多年的玻珠糖啊
 保税区发货有3-5天的审核时间",
                "channel_id": "10",
                "cover_price": "3.15",
                "figure": "/1465974481532.jpg",
                "name": "【海鸟跨境】 日本进口 味觉超人 乳酸菌健康糖 300万活性乳酸菌",
                "origin_price": "3.50",
                "p_catalog_id": "99",
                "product_id": "7067",
                "sell_time_end": "1466524800",
                "sell_time_start": "1465920000",
                "supplier_code": "1111001",
                "supplier_type": "2"
            },
            {
                "brand_id": "441",
                "brief": "我想大声告诉你，我要包养你 o(*≧▽≦)ツ",
                "channel_id": "10",
                "cover_price": "36.40",
                "figure": "/supplier/1472029546790.jpg",
                "name": "【疯兔盒子】 告白神器 【包养你】 进口零食礼盒",
                "origin_price": "41.80",
                "p_catalog_id": "99",
                "product_id": "8497",
                "sell_time_end": "1470326400",
                "sell_time_start": "1469721600",
                "supplier_code": "100016",
                "supplier_type": "2"
            },
            {
                "brand_id": "5",
                "brief": "",
                "channel_id": "10",
                "cover_price": "10.20",
                "figure": "/1468306781206.jpg",
                "name": "【独角兽浆果】新鲜冻干草莓 风味蜜饯 食品特产 即食36g",
                "origin_price": "11.60",
                "p_catalog_id": "99",
                "product_id": "7937",
                "sell_time_end": "1468857600",
                "sell_time_start": "1468252800",
                "supplier_code": "2102002",
                "supplier_type": "2"
            },
            {
                "brand_id": "5",
                "brief": "澳洲手工糖Handmade sugar Australia，起源于澳大利亚。 手工糖每颗都是由成熟的制糖师戴着隔热手套，在100℃高温下手工制作，糖果上的造型和文字也都是糖果师手工揉制 进去。因糖果制作工艺复杂，样式精美，产量较低，所以每颗糖果都有很高的价值。",
                "channel_id": "10",
                "cover_price": "45.00",
                "figure": "/1467964002747.jpg",
                "name": "【CandyLife】澳洲 创意星空 进口手工切片 棒棒糖果【龙猫糖礼】",
                "origin_price": "98.00",
                "p_catalog_id": "99",
                "product_id": "7791",
                "sell_time_end": "1468339200",
                "sell_time_start": "1467734400",
                "supplier_code": "2102001",
                "supplier_type": "2"
            },
            {
                "brand_id": "8",
                "brief": "",
                "channel_id": "10",
                "cover_price": "28.00",
                "figure": "/1451289711090.jpg",
                "name": "【古怪舍】男神七日汤红茶茶包 FREE!/刀剑乱舞 礼物 E44",
                "origin_price": "32.00",
                "p_catalog_id": "99",
                "product_id": "3751",
                "sell_time_end": "1451836800",
                "sell_time_start": "1478772000",
                "supplier_code": "2101001",
                "supplier_type": "2"
            },
            {
                "brand_id": "286",
                "brief": " 保税区发货有3-5天的审核时间",
                "channel_id": "10",
                "cover_price": "18.00",
                "figure": "/supplier/1466135546395.jpg",
                "name": "【海鸟跨境】日本进口 一平蛋黄酱夜店炒面拌面",
                "origin_price": "28.00",
                "p_catalog_id": "99",
                "product_id": "7170",
                "sell_time_end": "0",
                "sell_time_start": "0",
                "supplier_code": "1111001",
                "supplier_type": "2"
            },
            {
                "brand_id": "286",
                "brief": "保税区发货有3-5天的审核时间",
                "channel_id": "10",
                "cover_price": "7.92",
                "figure": "/supplier/1478108838086.jpg",
                "name": "【海鸟跨境】 日本进口 桃哈多Tohato蜡笔小新粟米星巧克力味鳄鱼饼干25g",
                "origin_price": "8.80",
                "p_catalog_id": "99",
                "product_id": "7063",
                "sell_time_end": "1466524800",
                "sell_time_start": "1465920000",
                "supplier_code": "1111001",
                "supplier_type": "2"
            },
            {
                "brand_id": "440",
                "brief": "",
                "channel_id": "10",
                "cover_price": "89.10",
                "figure": "/1469785306096.jpg",
                "name": "【味蕾之诗发光星空礼盒】七夕情人节 会发光的零食大礼包",
                "origin_price": "99.00",
                "p_catalog_id": "99",
                "product_id": "8523",
                "sell_time_end": "1470326400",
                "sell_time_start": "1469721600",
                "supplier_code": "1000018",
                "supplier_type": "2"
            },
            {
                "brand_id": "234",
                "brief": "",
                "channel_id": "10",
                "cover_price": "31.00",
                "figure": "/1456727301334.jpg",
                "name": "【古怪舍】  男神七日汤动漫周边 红茶茶包 银魂/刀剑乱舞",
                "origin_price": "35.00",
                "p_catalog_id": "99",
                "product_id": "4829",
                "sell_time_end": "1457280000",
                "sell_time_start": "1478772000",
                "supplier_code": "2101001",
                "supplier_type": "2"
            },
            {
                "brand_id": "286",
                "brief": " 保税区发货有3-5天的审核时间",
                "channel_id": "10",
                "cover_price": "8.00",
                "figure": "/1466064768557.jpg",
                "name": "【海鸟跨境】 日本进口 丸玉水产 北海道 新鲜长脚蟹肉棒 蟹肉卷蟹柳45g",
                "origin_price": "9.00",
                "p_catalog_id": "99",
                "product_id": "7122",
                "sell_time_end": "1466611200",
                "sell_time_start": "1466006400",
                "supplier_code": "1111001",
                "supplier_type": "2"
            },
            {
                "brand_id": "386",
                "brief": "",
                "channel_id": "10",
                "cover_price": "16.80",
                "figure": "/1463560623060.png",
                "name": "【零食】 【麦大叔】奶油味 夏威夷果 即食干果坚果 ",
                "origin_price": "16.80",
                "p_catalog_id": "99",
                "product_id": "6557",
                "sell_time_end": "1464105600",
                "sell_time_start": "1463500800",
                "supplier_code": "100014",
                "supplier_type": "2"
            },
            {
                "brand_id": "286",
                "brief": "一盒有9个味道的巧克力。每粒的口感都不一样，这种巧克力在实店里风黀年轻的。嗲嗲的一款巧克力，可爱极了，绝对让女生爱不释手，在日本已风靡一时，很多吃过的朋友都会来问。一盒9粒装，9种不同味道，9种不同的味觉享受。放一盒在包包里，冷不丁的掏出给心爱的人，一定会让TA非常惊喜,好滋味要用心品尝哦～
 保税区发货有3-5天的审核时间",
                "channel_id": "10",
                "cover_price": "8.80",
                "figure": "/1465973421863.jpg",
                "name": "【海鸟跨境】 日本进口 松尾MIX 什锦巧克力50g 9口味多彩迷你朱古力",
                "origin_price": "9.90",
                "p_catalog_id": "99",
                "product_id": "7062",
                "sell_time_end": "1466524800",
                "sell_time_start": "1465920000",
                "supplier_code": "1111001",
                "supplier_type": "2"
            }
        ]
    }
}